x,rho,u,p
0,1,0,1
0.01,1,0,1
0.02,1,0,1
0.03,1,0,1
0.04,1,0,1
0.05,1,0,1
0.06,1,0,1
0.07,1,0,1
0.08,1,0,1
0.09,1,0,1
0.1,1,0,1
0.11,1,0,1
0.12,1,0,1
0.13,1,0,1
0.14,1,0,1
0.15,1,0,1
0.16,1,0,1
0.17,1,1.04032e-17,1
0.18,1,2.61798e-17,1
0.19,1,-2.60801e-16,1
0.2,1,1.12548e-15,1
0.21,1,3.19724e-15,1
0.22,1,-1.9765e-14,1
0.23,1,-1.20871e-14,1
0.24,1,2.62482e-13,1
0.25,1,-2.01256e-13,1
0.26,1,-2.82171e-12,1
0.27,1,5.51806e-12,1
0.28,1,2.50072e-11,1
0.29,1,-8.25691e-11,1
0.3,1,-1.81218e-10,1
0.31,1,9.54119e-10,1
0.32,1,1.04341e-09,1
0.33,1,-9.23762e-09,1
0.34,1,-4.23449e-09,1
0.35,1,7.89725e-08,1
0.36,1,1.28883e-08,1
0.37,1,-5.83683e-07,1
0.38,1,2.25231e-08,1
0.39,0.999997,4.25482e-06,0.999995
0.4,0.999996,2.14344e-06,0.999998
0.41,1.00001,-1.79839e-05,1.00002
0.42,1.00001,6.26686e-06,0.999989
0.43,0.999726,0.00034614,0.999534
0.44,0.998245,0.00208117,0.997494
0.45,0.992268,0.00906038,0.989288
0.46,0.970611,0.0347362,0.959472
0.47,0.906242,0.115303,0.871352
0.48,0.794309,0.2644,0.726213
0.49,0.666597,0.466565,0.56891
0.5,0.558145,0.651267,0.444333
0.51,0.446419,0.809846,0.344004
0.52,0.37803,0.933891,0.30749
0.53,0.342071,0.98878,0.301496
0.54,0.30271,0.956708,0.301358
0.55,0.23096,0.753902,0.261935
0.56,0.157822,0.318589,0.152828
0.57,0.130144,0.0502109,0.106926
0.58,0.12567,0.00626596,0.100859
0.59,0.125031,0.000345831,0.100062
0.6,0.12498,-0.000148542,0.0999785
0.61,0.125003,1.02927e-05,0.100001
0.62,0.125003,3.04333e-05,0.100004
0.63,0.125,-9.16208e-07,0.0999999
0.64,0.125,-3.51229e-06,0.0999995
0.65,0.125,4.09937e-07,0.1
0.66,0.125,3.92798e-07,0.1
0.67,0.125,-7.32274e-08,0.1
0.68,0.125,-3.56413e-08,0.1
0.69,0.125,1.06347e-08,0.1
0.7,0.125,2.57398e-09,0.1
0.71,0.125,-1.24989e-09,0.1
0.72,0.125,-1.12615e-10,0.1
0.73,0.125,1.21949e-10,0.1
0.74,0.125,-3.19043e-12,0.1
0.75,0.125,-9.71355e-12,0.1
0.76,0.125,1.33367e-12,0.1
0.77,0.125,5.99511e-13,0.1
0.78,0.125,-1.69822e-13,0.1
0.79,0.125,-2.35404e-14,0.1
0.8,0.125,1.5014e-14,0.1
0.81,0.125,-6.84353e-17,0.1
0.82,0.125,-8.91409e-16,0.1
0.83,0.125,1.40918e-16,0.1
0.84,0.125,3.12183e-17,0.1
0.85,0.125,0,0.1
0.86,0.125,0,0.1
0.87,0.125,0,0.1
0.88,0.125,0,0.1
0.89,0.125,0,0.1
0.9,0.125,0,0.1
0.91,0.125,0,0.1
0.92,0.125,0,0.1
0.93,0.125,0,0.1
0.94,0.125,0,0.1
0.95,0.125,0,0.1
0.96,0.125,0,0.1
0.97,0.125,0,0.1
0.98,0.125,-1.8202e-16,0.1
0.99,0.125,-1.58131e-16,0.1
1,0.125,0,0.1
