x,rho,u,p
0,1,0,1
0.01,1,0,1
0.02,1,0,1
0.03,1,0,1
0.04,1,0,1
0.05,1,0,1
0.06,1,0,1
0.07,1,0,1
0.08,1,0,1
0.09,1,0,1
0.1,1,0,1
0.11,1,0,1
0.12,1,0,1
0.13,1,0,1
0.14,1,1.18748e-16,1
0.15,1,3.21357e-17,1
0.16,1,-1.61824e-15,1
0.17,1,1.98443e-15,1
0.18,1,1.52126e-14,1
0.19,1,-3.34766e-14,1
0.2,1,-1.20822e-13,1
0.21,1,4.27738e-13,1
0.22,1,8.37166e-13,1
0.23,1,-4.56216e-12,1
0.24,1,-4.77293e-12,1
0.25,1,4.27954e-11,1
0.26,1,2.01003e-11,1
0.27,1,-3.62496e-10,1
0.28,1,-3.63694e-11,1
0.29,1,2.82095e-09,1
0.3,1,-2.7e-10,1
0.31,1,-2.02972e-08,1
0.32,1,2.79342e-09,1
0.33,1,1.36585e-07,1
0.34,1,3.91815e-09,1
0.35,1,-8.2408e-07,1
0.36,1,-2.24175e-07,1
0.37,0.999996,4.79065e-06,0.999994
0.38,0.999995,4.92092e-06,0.999994
0.39,1.00001,-1.57297e-05,1.00002
0.4,1.00002,-1.83607e-05,1.00002
0.41,0.99987,0.000173854,0.999757
0.42,0.999046,0.00116163,0.998581
0.43,0.99595,0.0047953,0.9943
0.44,0.985829,0.0166618,0.980378
0.45,0.95443,0.0546859,0.936936
0.46,0.885926,0.142063,0.843825
0.47,0.788789,0.273313,0.718401
0.48,0.683533,0.42828,0.589052
0.49,0.593834,0.581695,0.482616
0.5,0.527186,0.726542,0.406025
0.51,0.465845,0.84734,0.342177
0.52,0.403745,0.911833,0.300522
0.53,0.363318,0.943831,0.29269
0.54,0.341416,0.957116,0.297385
0.55,0.321136,0.952087,0.305112
0.56,0.286691,0.918001,0.310449
0.57,0.229311,0.801521,0.278616
0.58,0.166103,0.413369,0.171676
0.59,0.132016,0.0719084,0.110093
0.6,0.125955,0.00919515,0.10124
0.61,0.125064,0.000605255,0.10011
0.62,0.124976,-0.000157961,0.0999773
0.63,0.125003,-1.23449e-07,0.0999989
0.64,0.125005,3.95649e-05,0.100005
0.65,0.125,7.48081e-07,0.1
0.66,0.124999,-5.47005e-06,0.0999993
0.67,0.125,3.03559e-07,0.1
0.68,0.125,7.66713e-07,0.1
0.69,0.125,-7.98466e-08,0.1
0.7,0.125,-9.4141e-08,0.1
0.71,0.125,1.58575e-08,0.1
0.72,0.125,1.04537e-08,0.1
0.73,0.125,-2.5599e-09,0.1
0.74,0.125,-1.01088e-09,0.1
0.75,0.125,3.58381e-10,0.1
0.76,0.125,8.08889e-11,0.1
0.77,0.125,-4.39811e-11,0.1
0.78,0.125,-4.50661e-12,0.1
0.79,0.125,4.74237e-12,0.1
0.8,0.125,4.43321e-15,0.1
0.81,0.125,-4.4489e-13,0.1
0.82,0.125,4.26344e-14,0.1
0.83,0.125,3.57086e-14,0.1
0.84,0.125,-7.15522e-15,0.1
0.85,0.125,-2.38733e-15,0.1
0.86,0.125,7.03165e-16,0.1
0.87,0.125,5.65076e-17,0.1
0.88,0.125,-4.64458e-17,0.1
0.89,0.125,2.06413e-17,0.1
0.9,0.125,0,0.1
0.91,0.125,0,0.1
0.92,0.125,0,0.1
0.93,0.125,0,0.1
0.94,0.125,0,0.1
0.95,0.125,0,0.1
0.96,0.125,0,0.1
0.97,0.125,0,0.1
0.98,0.125,-1.8202e-16,0.1
0.99,0.125,-1.58131e-16,0.1
1,0.125,0,0.1
