x,rho,u,p
0,1,0,1
0.01,1,0,1
0.02,1,0,1
0.03,1,0,1
0.04,1,0,1
0.05,1,0,1
0.06,1,0,1
0.07,1,0,1
0.08,1,0,1
0.09,1,0,1
0.1,1,0,1
0.11,1,0,1
0.12,1,0,1
0.13,1,0,1
0.14,1,0,1
0.15,1,0,1
0.16,1,0,1
0.17,1,0,1
0.18,1,0,1
0.19,1,0,1
0.2,1,0,1
0.21,1,0,1
0.22,1,0,1
0.23,1,0,1
0.24,1,0,1
0.25,1,0,1
0.26,1,0,1
0.27,1,0,1
0.28,1,0,1
0.29,1,0,1
0.3,1,0,1
0.31,1,0,1
0.32,1,0,1
0.33,1,1.1466e-16,1
0.34,1,-3.24388e-15,1
0.35,1,5.04311e-14,1
0.36,1,-3.77776e-13,1
0.37,1,3.06508e-13,1
0.38,1,2.40885e-11,1
0.39,1,-2.02394e-10,1
0.4,1,3.58054e-10,1
0.41,1,6.56749e-09,1
0.42,1,-4.02815e-08,1
0.43,1,2.96105e-08,1
0.44,0.999999,1.19213e-06,0.999999
0.45,1,-2.41876e-06,1
0.46,1.00001,-1.53427e-06,1
0.47,0.999796,0.000217558,0.999706
0.48,0.996138,0.00409819,0.995186
0.49,0.957021,0.0474589,0.948202
0.5,0.756566,0.248052,0.732404
0.51,0.363319,0.546487,0.333683
0.52,0.172731,0.342028,0.15036
0.53,0.129223,0.0354203,0.10469
0.54,0.125205,0.00167812,0.100249
0.55,0.124992,-1.45582e-05,0.099998
0.56,0.124999,-1.59357e-05,0.0999973
0.57,0.125001,8.34446e-06,0.100001
0.58,0.125,5.57548e-08,0.1
0.59,0.125,-2.36153e-07,0.1
0.6,0.125,4.26143e-08,0.1
0.61,0.125,1.12498e-09,0.1
0.62,0.125,-1.05174e-09,0.1
0.63,0.125,1.37089e-10,0.1
0.64,0.125,-6.79451e-13,0.1
0.65,0.125,-1.64463e-12,0.1
0.66,0.125,2.29972e-13,0.1
0.67,0.125,-1.47431e-14,0.1
0.68,0.125,5.12598e-16,0.1
0.69,0.125,0,0.1
0.7,0.125,0,0.1
0.71,0.125,0,0.1
0.72,0.125,0,0.1
0.73,0.125,0,0.1
0.74,0.125,0,0.1
0.75,0.125,0,0.1
0.76,0.125,0,0.1
0.77,0.125,0,0.1
0.78,0.125,0,0.1
0.79,0.125,0,0.1
0.8,0.125,0,0.1
0.81,0.125,0,0.1
0.82,0.125,0,0.1
0.83,0.125,0,0.1
0.84,0.125,0,0.1
0.85,0.125,0,0.1
0.86,0.125,0,0.1
0.87,0.125,0,0.1
0.88,0.125,0,0.1
0.89,0.125,0,0.1
0.9,0.125,0,0.1
0.91,0.125,0,0.1
0.92,0.125,0,0.1
0.93,0.125,0,0.1
0.94,0.125,0,0.1
0.95,0.125,0,0.1
0.96,0.125,0,0.1
0.97,0.125,0,0.1
0.98,0.125,-6.16539e-17,0.1
0.99,0.125,-5.49092e-17,0.1
1,0.125,0,0.1
