x,rho,u,p
0,1,0,1
0.01,1,0,1
0.02,1,0,1
0.03,1,0,1
0.04,1,0,1
0.05,1,0,1
0.06,1,0,1
0.07,1,0,1
0.08,1,0,1
0.09,1,0,1
0.1,1,0,1
0.11,1,0,1
0.12,1,0,1
0.13,1,0,1
0.14,1,0,1
0.15,1,0,1
0.16,1,0,1
0.17,1,0,1
0.18,1,0,1
0.19,1,0,1
0.2,1,0,1
0.21,1,0,1
0.22,1,0,1
0.23,1,0,1
0.24,1,0,1
0.25,1,5.84965e-18,1
0.26,1,5.34311e-17,1
0.27,1,-2.46392e-16,1
0.28,1,-1.79731e-16,1
0.29,1,8.57838e-15,1
0.3,1,-2.97788e-14,1
0.31,1,-1.06555e-13,1
0.32,1,1.13709e-12,1
0.33,1,-1.47032e-12,1
0.34,1,-2.01834e-11,1
0.35,1,9.23091e-11,1
0.36,1,1.37131e-10,1
0.37,1,-2.02194e-09,1
0.38,1,2.60899e-09,1
0.39,1,2.7489e-08,1
0.4,1,-8.66392e-08,1
0.41,1,-1.94368e-07,1
0.42,0.999999,1.56858e-06,0.999998
0.43,0.999997,1.60063e-06,0.999999
0.44,1.00001,-1.18826e-05,1.00002
0.45,0.999988,2.71312e-05,0.999957
0.46,0.999506,0.000577083,0.999278
0.47,0.99563,0.00489579,0.994198
0.48,0.97231,0.0317318,0.963573
0.49,0.87213,0.155176,0.836781
0.5,0.666996,0.424256,0.609934
0.51,0.434782,0.746518,0.386376
0.52,0.261826,0.791668,0.240431
0.53,0.165432,0.359471,0.147968
0.54,0.13081,0.0516729,0.106741
0.55,0.125574,0.00505595,0.100689
0.56,0.125016,0.000203577,0.100035
0.57,0.124988,-8.90812e-05,0.0999869
0.58,0.125003,1.48736e-05,0.100002
0.59,0.125001,9.88047e-06,0.100001
0.6,0.125,-1.60641e-06,0.0999998
0.61,0.125,-4.04735e-07,0.0999999
0.62,0.125,1.73635e-07,0.1
0.63,0.125,3.30848e-09,0.1
0.64,0.125,-1.00092e-08,0.1
0.65,0.125,1.27398e-09,0.1
0.66,0.125,3.22625e-10,0.1
0.67,0.125,-1.04778e-10,0.1
0.68,0.125,1.11388e-12,0.1
0.69,0.125,4.18387e-12,0.1
0.7,0.125,-6.52782e-13,0.1
0.71,0.125,-5.77886e-14,0.1
0.72,0.125,3.12892e-14,0.1
0.73,0.125,-2.6918e-15,0.1
0.74,0.125,-5.30414e-16,0.1
0.75,0.125,1.65551e-16,0.1
0.76,0.125,-5.94587e-18,0.1
0.77,0.125,0,0.1
0.78,0.125,0,0.1
0.79,0.125,0,0.1
0.8,0.125,0,0.1
0.81,0.125,0,0.1
0.82,0.125,0,0.1
0.83,0.125,0,0.1
0.84,0.125,0,0.1
0.85,0.125,0,0.1
0.86,0.125,0,0.1
0.87,0.125,0,0.1
0.88,0.125,0,0.1
0.89,0.125,0,0.1
0.9,0.125,0,0.1
0.91,0.125,0,0.1
0.92,0.125,0,0.1
0.93,0.125,0,0.1
0.94,0.125,0,0.1
0.95,0.125,0,0.1
0.96,0.125,0,0.1
0.97,0.125,0,0.1
0.98,0.125,-1.17908e-16,0.1
0.99,0.125,-6.69427e-17,0.1
1,0.125,0,0.1
